model,scenario,score
flan-t5-xl,20_newsgroups,0.6231155778894472
flan-t5-xl,CFPB,0.6464646464646464
flan-t5-xl,arena_hard,0.010238907849829351
flan-t5-xl,attaq_500,0.3596081530385547
flan-t5-xl,billsum,0.18109387279336076
flan-t5-xl,financebench,0.4521400761313555
flan-t5-xl,legalbench,0.52
flan-t5-xl,mmlu_pro,0.24489795918367346
flan-t5-xl,rag,0.3441446037538612
flan-t5-xl,safety,0.5151515151515151
flan-t5-xl,tldr,0.05812194335030528
flan-t5-xl,universal_ner,0.0
flan-t5-xxl,20_newsgroups,0.6408149551531435
flan-t5-xxl,CFPB,0.6912063959604461
flan-t5-xxl,arena_hard,0.0
flan-t5-xxl,attaq_500,0.3724472880363464
flan-t5-xxl,billsum,0.22218052879002245
flan-t5-xxl,financebench,0.44343830499707193
flan-t5-xxl,legalbench,0.5547672368725001
flan-t5-xxl,mmlu_pro,0.2387755102040816
flan-t5-xxl,rag,0.3644130480500835
flan-t5-xxl,safety,0.6666666666666666
flan-t5-xxl,tldr,0.08175476409675907
flan-t5-xxl,universal_ner,0.4511961722488038
flan-ul2,20_newsgroups,0.68
flan-ul2,CFPB,0.6
flan-ul2,arena_hard,0.0
flan-ul2,attaq_500,0.3660409007469813
flan-ul2,billsum,0.21152168435542795
flan-ul2,financebench,0.4561552372647495
flan-ul2,legalbench,0.51
flan-ul2,mmlu_pro,0.29670329670329665
flan-ul2,rag,0.39303967257756744
flan-ul2,safety,0.6464646464646464
flan-ul2,tldr,0.03289944369298444
flan-ul2,universal_ner,0.0
granite-13b-chat-v2,20_newsgroups,0.23376238300548557
granite-13b-chat-v2,CFPB,0.43659359326888836
granite-13b-chat-v2,arena_hard,0.14375
granite-13b-chat-v2,attaq_500,0.6329708748724725
granite-13b-chat-v2,billsum,0.3221461881906885
granite-13b-chat-v2,financebench,0.6344943170140429
granite-13b-chat-v2,legalbench,0.5185090218423553
granite-13b-chat-v2,mmlu_pro,0.2919254658385093
granite-13b-chat-v2,safety,0.46127946127946123
granite-13b-chat-v2,tldr,0.07899235426351128
granite-13b-chat-v2,universal_ner,0.13603282362458124
granite-13b-instruct-v2,20_newsgroups,0.010285665973520892
granite-13b-instruct-v2,CFPB,0.0
granite-13b-instruct-v2,arena_hard,0.0036972863827987503
granite-13b-instruct-v2,attaq_500,0.4640359736399518
granite-13b-instruct-v2,billsum,0.3483495597928782
granite-13b-instruct-v2,financebench,0.5063760500492119
granite-13b-instruct-v2,legalbench,0.31197540695404924
granite-13b-instruct-v2,mmlu_pro,0.05918367346938775
granite-13b-instruct-v2,safety,0.3569023569023569
granite-13b-instruct-v2,tldr,0.07054811413057571
granite-13b-instruct-v2,universal_ner,0.4103852304836718
granite-7b-lab,20_newsgroups,0.2211474182961918
granite-7b-lab,CFPB,0.4813090382862106
granite-7b-lab,arena_hard,0.019817530140110784
granite-7b-lab,attaq_500,0.6534175793992149
granite-7b-lab,billsum,0.30217655607960137
granite-7b-lab,legalbench,0.4320423722397407
granite-7b-lab,mmlu_pro,0.2505175983436853
granite-7b-lab,safety,0.5656565656565657
granite-7b-lab,tldr,0.07382004550078618
granite-7b-lab,universal_ner,0.1731512429814155
llama-2-13b-chat,20_newsgroups,0.35067614421653154
llama-2-13b-chat,CFPB,0.39650023227128806
llama-2-13b-chat,arena_hard,0.012195121951219513
llama-2-13b-chat,attaq_500,0.8295075487924947
llama-2-13b-chat,billsum,0.3051886663991453
llama-2-13b-chat,legalbench,0.40591961435436513
llama-2-13b-chat,mmlu_pro,0.11632653061224489
llama-2-13b-chat,rag,0.4791834537648405
llama-2-13b-chat,safety,0.5353535353535354
llama-2-13b-chat,tldr,0.06538108896811909
llama-2-13b-chat,universal_ner,0.41136016653258034
llama-2-70b,20_newsgroups,0.5192671068588138
llama-2-70b,CFPB,0.6381968597776158
llama-2-70b,arena_hard,0.0
llama-2-70b,attaq_500,0.5256497558785809
llama-2-70b,billsum,0.21830357866390035
llama-2-70b,legalbench,0.4026018066729529
llama-2-70b,mmlu_pro,0.4081632653061224
llama-2-70b,rag,0.4749494740341791
llama-2-70b,safety,0.7508417508417509
llama-2-70b,tldr,0.039609228170000885
llama-2-70b,universal_ner,0.30785523310864016
llama-3-70b-instruct,20_newsgroups,0.35701015072463843
llama-3-70b-instruct,CFPB,0.13282752012032775
llama-3-70b-instruct,arena_hard,0.3232767232767233
llama-3-70b-instruct,attaq_500,0.7606069199906456
llama-3-70b-instruct,billsum,0.30134195202786823
llama-3-70b-instruct,financebench,0.5452332371860985
llama-3-70b-instruct,legalbench,0.3362835272999546
llama-3-70b-instruct,mmlu_pro,0.4183673469387755
llama-3-70b-instruct,rag,0.5147940691551831
llama-3-70b-instruct,safety,0.9326599326599326
llama-3-70b-instruct,tldr,0.07210730091593551
llama-3-70b-instruct,universal_ner,0.15727532609536277
llama-3-8b,20_newsgroups,0.4703777152005477
llama-3-8b,CFPB,0.5865002337540907
llama-3-8b,arena_hard,0.01838235294117647
llama-3-8b,attaq_500,0.538610497713089
llama-3-8b,billsum,0.27410658987100767
llama-3-8b,financebench,0.5750684460125318
llama-3-8b,legalbench,0.4850830802223991
llama-3-8b,mmlu_pro,0.3850931677018633
llama-3-8b,rag,0.486850107677817
llama-3-8b,safety,0.5690235690235691
llama-3-8b,tldr,0.037327847618540765
llama-3-8b,universal_ner,0.24266882221474584
llama-3-8b-instruct,20_newsgroups,0.1580890757173604
llama-3-8b-instruct,CFPB,0.0
llama-3-8b-instruct,arena_hard,0.2738056282722513
llama-3-8b-instruct,attaq_500,0.8050379117702444
llama-3-8b-instruct,billsum,0.30260548125342424
llama-3-8b-instruct,financebench,0.48809058855219584
llama-3-8b-instruct,legalbench,0.21085290660798056
llama-3-8b-instruct,mmlu_pro,0.09316770186335403
llama-3-8b-instruct,rag,0.4710963691975216
llama-3-8b-instruct,safety,0.6902356902356903
llama-3-8b-instruct,tldr,0.06833492400545214
llama-3-8b-instruct,universal_ner,0.47422366867589616
llama-30b,20_newsgroups,0.4268292682926829
llama-30b,CFPB,0.5626262626262626
llama-30b,arena_hard,0.007194244604316547
llama-30b,attaq_500,0.5531883110437128
llama-30b,billsum,0.16254664765259808
llama-30b,legalbench,0.34552036199095026
llama-30b,mmlu_pro,0.30612244897959184
llama-30b,rag,0.48038798921087356
llama-30b,safety,0.404040404040404
llama-30b,tldr,0.0212153572901463
llama-30b,universal_ner,0.5263157894736842
llama-7b,20_newsgroups,0.1550387596899225
llama-7b,CFPB,0.5176767676767677
llama-7b,arena_hard,0.0
llama-7b,attaq_500,0.5427529759042793
llama-7b,billsum,0.1286766044641613
llama-7b,financebench,0.3563385940179592
llama-7b,legalbench,0.1492877492877493
llama-7b,mmlu_pro,0.13265306122448978
llama-7b,rag,0.47299596495683505
llama-7b,safety,0.35353535353535354
llama-7b,tldr,0.02303498315005373
llama-7b,universal_ner,0.45454545454545453
mistral-7b-v0-1,20_newsgroups,0.4102915538605903
mistral-7b-v0-1,CFPB,0.48419535384023216
mistral-7b-v0-1,arena_hard,0.0
mistral-7b-v0-1,attaq_500,0.49408020998040836
mistral-7b-v0-1,billsum,0.28953294379094724
mistral-7b-v0-1,financebench,0.5341237852486169
mistral-7b-v0-1,legalbench,0.3920997423629003
mistral-7b-v0-1,mmlu_pro,0.2857142857142857
mistral-7b-v0-1,safety,0.6767676767676768
mistral-7b-v0-1,tldr,0.044020555650269265
mistral-7b-v0-1,universal_ner,0.2218075648415512
mixtral-8x7b-instruct-v01,20_newsgroups,0.4917220087123359
mixtral-8x7b-instruct-v01,CFPB,0.4360722154151654
mixtral-8x7b-instruct-v01,arena_hard,0.25271621705043523
mixtral-8x7b-instruct-v01,attaq_500,0.7531519459601905
mixtral-8x7b-instruct-v01,billsum,0.3148342472442858
mixtral-8x7b-instruct-v01,financebench,0.6285760773391259
mixtral-8x7b-instruct-v01,legalbench,0.5176600685008478
mixtral-8x7b-instruct-v01,mmlu_pro,0.3795918367346938
mixtral-8x7b-instruct-v01,rag,0.48657828212975546
mixtral-8x7b-instruct-v01,safety,0.8383838383838383
mixtral-8x7b-instruct-v01,tldr,0.062058057283240445
mixtral-8x7b-instruct-v01,universal_ner,0.49050676800934795
vicuna-13b,20_newsgroups,0.37681159420289856
vicuna-13b,CFPB,0.5929397063417683
vicuna-13b,arena_hard,0.0035714285714285713
vicuna-13b,attaq_500,0.5341587190330028
vicuna-13b,billsum,0.31674288977689097
vicuna-13b,financebench,0.6219504693659341
vicuna-13b,legalbench,0.21024479356960174
vicuna-13b,mmlu_pro,0.2857142857142857
vicuna-13b,rag,0.547265504995659
vicuna-13b,safety,0.5050505050505051
vicuna-13b,tldr,0.06759365325754485
vicuna-13b,universal_ner,0.5
vicuna-33b,20_newsgroups,0.46408839779005523
vicuna-33b,CFPB,0.5758426966292134
vicuna-33b,arena_hard,0.011583011583011582
vicuna-33b,attaq_500,0.49927962351176475
vicuna-33b,billsum,0.2843961893284573
vicuna-33b,legalbench,0.33666666666666667
vicuna-33b,mmlu_pro,0.2653061224489796
vicuna-33b,rag,0.5248743456801934
vicuna-33b,safety,0.5353535353535354
vicuna-33b,tldr,0.07178789930889487
vicuna-33b,universal_ner,0.56
vicuna-7b,20_newsgroups,0.18181818181818182
vicuna-7b,CFPB,0.4473563218390805
vicuna-7b,arena_hard,0.010830324909747292
vicuna-7b,attaq_500,0.6084003035186065
vicuna-7b,billsum,0.2888560715976132
vicuna-7b,financebench,0.2484042588167074
vicuna-7b,legalbench,0.0
vicuna-7b,mmlu_pro,0.19387755102040813
vicuna-7b,rag,0.5087178237239646
vicuna-7b,safety,0.3737373737373737
vicuna-7b,tldr,0.07002918648201029
vicuna-7b,universal_ner,0.4799999999999999
zephyr-7b-alpha,20_newsgroups,0.452054794520548
zephyr-7b-alpha,CFPB,0.7220618556701031
zephyr-7b-alpha,arena_hard,0.027450980392156862
zephyr-7b-alpha,attaq_500,0.46526951649122766
zephyr-7b-alpha,billsum,0.28757155716256166
zephyr-7b-alpha,financebench,0.6171696455013462
zephyr-7b-alpha,legalbench,0.3383931623931624
zephyr-7b-alpha,mmlu_pro,0.2959183673469387
zephyr-7b-alpha,rag,0.5254739138350925
zephyr-7b-alpha,safety,0.5050505050505051
zephyr-7b-alpha,tldr,0.06385116902571684
zephyr-7b-alpha,universal_ner,0.56
